{
  "images" : [
    {
      "idiom" : "universal",
      "filename" : "MyBooksLogo.pdf"
    },
    {
      "idiom" : "universal",
      "filename" : "MyBooksLogo-1.pdf",
      "appearances" : [
        {
          "appearance" : "luminosity",
          "value" : "light"
        }
      ]
    },
    {
      "idiom" : "universal",
      "filename" : "MyBooksLogo Copy.pdf",
      "appearances" : [
        {
          "appearance" : "luminosity",
          "value" : "dark"
        }
      ]
    }
  ],
  "info" : {
    "version" : 1,
    "author" : "xcode"
  },
  "properties" : {
    "preserves-vector-representation" : true
  }
}